availability,condition,replicate_id,round,standard_send_ratio,standard_return_ratio
off,control,80,1,1.0,0.46491666666666664
off,control,80,2,1.0,0.5703333333333334
off,control,80,3,1.0,0.55
off,control,80,4,1.0,0.554
off,control,80,5,1.0,0.5741666666666667
off,control,80,6,1.0,0.54225
off,control,80,7,1.0,0.5123333333333333
off,control,80,8,1.0,0.5536666666666668
off,control,80,9,1.0,0.5409166666666666
off,control,80,10,1.0,0.5603333333333333
off,control,81,1,1.0,0.4826666666666667
off,control,81,2,1.0,0.5566666666666666
off,control,81,3,1.0,0.4518333333333333
off,control,81,4,1.0,0.5499999999999999
off,control,81,5,1.0,0.5083333333333333
off,control,81,6,1.0,0.49749999999999994
off,control,81,7,1.0,0.575
off,control,81,8,1.0,0.5219166666666667
off,control,81,9,1.0,0.5106666666666666
off,control,81,10,1.0,0.5795833333333333
off,control,82,1,1.0,0.4458333333333333
off,control,82,2,1.0,0.5309999999999999
off,control,82,3,1.0,0.5005
off,control,82,4,1.0,0.48550000000000004
off,control,82,5,1.0,0.49383333333333335
off,control,82,6,1.0,0.4916666666666667
off,control,82,7,1.0,0.5278333333333333
off,control,82,8,1.0,0.5
off,control,82,9,1.0,0.5166666666666666
off,control,82,10,1.0,0.47733333333333333
off,control,83,1,1.0,0.5
off,control,83,2,1.0,0.5690000000000001
off,control,83,3,1.0,0.57
off,control,83,4,1.0,0.5426666666666666
off,control,83,5,1.0,0.5376666666666666
off,control,83,6,1.0,0.5776666666666667
off,control,83,7,1.0,0.5083333333333333
off,control,83,8,1.0,0.5953333333333333
off,control,83,9,1.0,0.5713333333333332
off,control,83,10,1.0,0.488
off,control,84,1,1.0,0.5333333333333333
off,control,84,2,1.0,0.5576666666666666
off,control,84,3,1.0,0.5281666666666667
off,control,84,4,1.0,0.5666666666666667
off,control,84,5,1.0,0.5315
off,control,84,6,1.0,0.5416666666666666
off,control,84,7,1.0,0.5486666666666666
off,control,84,8,1.0,0.54
off,control,84,9,1.0,0.4796666666666667
off,control,84,10,1.0,0.5836666666666667
off,control,85,1,1.0,0.5211666666666667
off,control,85,2,1.0,0.5383333333333333
off,control,85,3,1.0,0.5166666666666667
off,control,85,4,1.0,0.525
off,control,85,5,1.0,0.4638333333333333
off,control,85,6,1.0,0.5619999999999999
off,control,85,7,1.0,0.4805
off,control,85,8,1.0,0.5916666666666666
off,control,85,9,1.0,0.532
off,control,85,10,1.0,0.5916666666666666
off,control,86,1,1.0,0.48175
off,control,86,2,1.0,0.5378333333333333
off,control,86,3,1.0,0.5441666666666667
off,control,86,4,1.0,0.4916666666666667
off,control,86,5,1.0,0.5263333333333333
off,control,86,6,1.0,0.44933333333333336
off,control,86,7,1.0,0.5271666666666667
off,control,86,8,1.0,0.5045
off,control,86,9,1.0,0.4876666666666667
off,control,86,10,1.0,0.5726666666666667
off,control,87,1,1.0,0.5158333333333333
off,control,87,2,1.0,0.5596666666666668
off,control,87,3,1.0,0.568
off,control,87,4,1.0,0.4853333333333334
off,control,87,5,1.0,0.5556666666666666
off,control,87,6,1.0,0.5166666666666666
off,control,87,7,1.0,0.5166666666666667
off,control,87,8,1.0,0.536
off,control,87,9,1.0,0.5416666666666666
off,control,87,10,1.0,0.5055
off,control,88,1,1.0,0.497
off,control,88,2,1.0,0.5666666666666667
off,control,88,3,1.0,0.5266666666666667
off,control,88,4,1.0,0.5
off,control,88,5,1.0,0.503
off,control,88,6,1.0,0.5268333333333333
off,control,88,7,1.0,0.5269999999999999
off,control,88,8,1.0,0.5258333333333334
off,control,88,9,1.0,0.5503333333333333
off,control,88,10,1.0,0.4876666666666667
off,control,89,1,1.0,0.513
off,control,89,2,1.0,0.5091666666666667
off,control,89,3,1.0,0.5333333333333333
off,control,89,4,1.0,0.48183333333333334
off,control,89,5,1.0,0.49083333333333334
off,control,89,6,1.0,0.5348333333333333
off,control,89,7,1.0,0.495
off,control,89,8,1.0,0.5103333333333333
off,control,89,9,1.0,0.48783333333333334
off,control,89,10,1.0,0.525
off,defectors25,80,1,1.0,0.474
off,defectors25,80,2,1.0,0.5333333333333333
off,defectors25,80,3,1.0,0.5166666666666666
off,defectors25,80,4,1.0,0.5833333333333333
off,defectors25,80,5,1.0,0.5166666666666666
off,defectors25,80,6,1.0,0.5495555555555555
off,defectors25,80,7,1.0,0.499
off,defectors25,80,8,1.0,0.5486666666666666
off,defectors25,80,9,1.0,0.574
off,defectors25,80,10,1.0,0.5555555555555555
off,defectors25,81,1,1.0,0.5
off,defectors25,81,2,1.0,0.58
off,defectors25,81,3,1.0,0.51
off,defectors25,81,4,1.0,0.5086666666666666
off,defectors25,81,5,1.0,0.5166666666666666
off,defectors25,81,6,1.0,0.44766666666666666
off,defectors25,81,7,1.0,0.6
off,defectors25,81,8,1.0,0.46288888888888885
off,defectors25,81,9,1.0,0.487
off,defectors25,81,10,1.0,0.509
off,defectors25,82,1,1.0,0.474
off,defectors25,82,2,1.0,0.5
off,defectors25,82,3,0.6666666666666666,0.5
off,defectors25,82,4,1.0,0.48333333333333334
off,defectors25,82,5,1.0,0.474
off,defectors25,82,6,1.0,0.46266666666666667
off,defectors25,82,7,1.0,0.4815555555555555
off,defectors25,82,8,1.0,0.46699999999999997
off,defectors25,82,9,1.0,0.4677777777777778
off,defectors25,82,10,1.0,0.45433333333333337
off,defectors25,83,1,1.0,0.476
off,defectors25,83,2,1.0,0.5333333333333333
off,defectors25,83,3,1.0,0.5
off,defectors25,83,4,1.0,0.55
off,defectors25,83,5,1.0,0.5666666666666667
off,defectors25,83,6,1.0,0.4666666666666667
off,defectors25,83,7,1.0,0.44899999999999995
off,defectors25,83,8,1.0,0.6564444444444445
off,defectors25,83,9,1.0,0.4693333333333333
off,defectors25,83,10,0.6666666666666666,0.40800000000000003
off,defectors25,84,1,1.0,0.5333333333333333
off,defectors25,84,2,1.0,0.5153333333333333
off,defectors25,84,3,1.0,0.48200000000000004
off,defectors25,84,4,1.0,0.5166666666666666
off,defectors25,84,5,1.0,0.577
off,defectors25,84,6,1.0,0.5333333333333333
off,defectors25,84,7,1.0,0.5833333333333333
off,defectors25,84,8,1.0,0.5133333333333333
off,defectors25,84,9,1.0,0.5833333333333333
off,defectors25,84,10,1.0,0.6
off,defectors25,85,1,1.0,0.5333333333333333
off,defectors25,85,2,1.0,0.5333333333333333
off,defectors25,85,3,1.0,0.5386666666666666
off,defectors25,85,4,1.0,0.47022222222222226
off,defectors25,85,5,1.0,0.5124444444444444
off,defectors25,85,6,1.0,0.4643333333333333
off,defectors25,85,7,1.0,0.5823333333333334
off,defectors25,85,8,1.0,0.488
off,defectors25,85,9,1.0,0.5293333333333333
off,defectors25,85,10,0.6666666666666666,0.49
off,defectors25,86,1,1.0,0.4493333333333333
off,defectors25,86,2,1.0,0.509
off,defectors25,86,3,1.0,0.5333333333333333
off,defectors25,86,4,0.75,0.5
off,defectors25,86,5,1.0,0.4776666666666667
off,defectors25,86,6,1.0,0.4478333333333333
off,defectors25,86,7,1.0,0.49766666666666665
off,defectors25,86,8,1.0,0.4637777777777778
off,defectors25,86,9,1.0,0.5833333333333333
off,defectors25,86,10,1.0,0.49688888888888894
off,defectors25,87,1,1.0,0.5333333333333333
off,defectors25,87,2,1.0,0.5573333333333333
off,defectors25,87,3,1.0,0.4866666666666667
off,defectors25,87,4,1.0,0.4876666666666667
off,defectors25,87,5,1.0,0.48333333333333334
off,defectors25,87,6,1.0,0.5833333333333333
off,defectors25,87,7,1.0,0.5388888888888889
off,defectors25,87,8,1.0,0.5
off,defectors25,87,9,1.0,0.5
off,defectors25,87,10,1.0,0.5573333333333333
off,defectors25,88,1,1.0,0.4797777777777778
off,defectors25,88,2,1.0,0.5333333333333333
off,defectors25,88,3,1.0,0.536
off,defectors25,88,4,1.0,0.497
off,defectors25,88,5,1.0,0.485
off,defectors25,88,6,0.7333333333333334,0.7493333333333334
off,defectors25,88,7,0.4666666666666666,0.7826666666666666
off,defectors25,88,8,1.0,0.5166666666666666
off,defectors25,88,9,0.5,0.4666666666666667
off,defectors25,88,10,0.5,1.0
off,defectors25,89,1,1.0,0.5333333333333333
off,defectors25,89,2,1.0,0.5606666666666666
off,defectors25,89,3,1.0,0.6666666666666666
off,defectors25,89,4,1.0,0.5333333333333333
off,defectors25,89,5,1.0,0.6
off,defectors25,89,6,1.0,0.6523333333333333
off,defectors25,89,7,1.0,0.542
off,defectors25,89,8,1.0,0.5966666666666667
off,defectors25,89,9,1.0,0.54
off,defectors25,89,10,1.0,0.5666666666666667
on,control,80,1,1.0,0.46266666666666667
on,control,80,2,1.0,0.5083333333333333
on,control,80,3,1.0,0.5166666666666666
on,control,80,4,1.0,0.4863333333333333
on,control,80,5,1.0,0.5005833333333333
on,control,80,6,1.0,0.5111666666666667
on,control,80,7,1.0,0.472
on,control,80,8,1.0,0.4988333333333333
on,control,80,9,1.0,0.49716666666666665
on,control,80,10,1.0,0.5166666666666666
on,control,81,1,1.0,0.503
on,control,81,2,1.0,0.54
on,control,81,3,1.0,0.4943333333333333
on,control,81,4,1.0,0.5043333333333333
on,control,81,5,1.0,0.5171666666666667
on,control,81,6,1.0,0.48
on,control,81,7,1.0,0.5388333333333333
on,control,81,8,1.0,0.492
on,control,81,9,1.0,0.5085000000000001
on,control,81,10,1.0,0.5135
on,control,82,1,1.0,0.45666666666666667
on,control,82,2,1.0,0.5299999999999999
on,control,82,3,1.0,0.45799999999999996
on,control,82,4,1.0,0.5166666666666666
on,control,82,5,1.0,0.4741666666666666
on,control,82,6,1.0,0.4916666666666667
on,control,82,7,1.0,0.48616666666666664
on,control,82,8,1.0,0.4916666666666667
on,control,82,9,1.0,0.45566666666666666
on,control,82,10,1.0,0.4771666666666667
on,control,83,1,1.0,0.48816666666666664
on,control,83,2,1.0,0.5690000000000001
on,control,83,3,1.0,0.5245
on,control,83,4,1.0,0.5028333333333332
on,control,83,5,1.0,0.5128333333333334
on,control,83,6,1.0,0.5166666666666666
on,control,83,7,1.0,0.48516666666666663
on,control,83,8,1.0,0.512
on,control,83,9,1.0,0.5148333333333333
on,control,83,10,1.0,0.44566666666666666
on,control,84,1,1.0,0.5333333333333333
on,control,84,2,1.0,0.6
on,control,84,3,1.0,0.5519999999999999
on,control,84,4,1.0,0.6166666666666666
on,control,84,5,1.0,0.597
on,control,84,6,1.0,0.5246666666666666
on,control,84,7,1.0,0.602
on,control,84,8,1.0,0.5341666666666667
on,control,84,9,1.0,0.5476666666666666
on,control,84,10,1.0,0.5336666666666666
on,control,85,1,1.0,0.525
on,control,85,2,1.0,0.5413333333333333
on,control,85,3,1.0,0.5325
on,control,85,4,1.0,0.516
on,control,85,5,1.0,0.5138333333333334
on,control,85,6,1.0,0.5553333333333332
on,control,85,7,1.0,0.5493333333333333
on,control,85,8,1.0,0.5703333333333334
on,control,85,9,1.0,0.5206666666666666
on,control,85,10,1.0,0.6216666666666666
on,control,86,1,1.0,0.45449999999999996
on,control,86,2,1.0,0.5295
on,control,86,3,1.0,0.523
on,control,86,4,1.0,0.5083333333333333
on,control,86,5,1.0,0.48483333333333334
on,control,86,6,1.0,0.48283333333333334
on,control,86,7,1.0,0.4905
on,control,86,8,1.0,0.5516666666666666
on,control,86,9,1.0,0.5293333333333333
on,control,86,10,1.0,0.5811666666666666
on,control,87,1,1.0,0.5158333333333333
on,control,87,2,1.0,0.5238333333333334
on,control,87,3,1.0,0.5306666666666666
on,control,87,4,1.0,0.48550000000000004
on,control,87,5,1.0,0.5188333333333334
on,control,87,6,1.0,0.5499999999999999
on,control,87,7,1.0,0.5416666666666666
on,control,87,8,1.0,0.49583333333333335
on,control,87,9,1.0,0.5333333333333333
on,control,87,10,1.0,0.4986666666666666
on,control,88,1,1.0,0.49616666666666664
on,control,88,2,1.0,0.5583333333333333
on,control,88,3,1.0,0.5446666666666666
on,control,88,4,1.0,0.5306666666666666
on,control,88,5,1.0,0.49250000000000005
on,control,88,6,1.0,0.5306666666666666
on,control,88,7,1.0,0.5269999999999999
on,control,88,8,1.0,0.5634999999999999
on,control,88,9,1.0,0.5515
on,control,88,10,1.0,0.5196666666666667
on,control,89,1,1.0,0.5166666666666666
on,control,89,2,1.0,0.4776666666666667
on,control,89,3,1.0,0.4833333333333334
on,control,89,4,1.0,0.47500000000000003
on,control,89,5,1.0,0.4916666666666667
on,control,89,6,1.0,0.5351666666666667
on,control,89,7,1.0,0.5033333333333333
on,control,89,8,1.0,0.4993333333333333
on,control,89,9,1.0,0.5308333333333333
on,control,89,10,1.0,0.5
on,defectors25,80,1,1.0,0.474
on,defectors25,80,2,1.0,0.472
on,defectors25,80,3,1.0,0.5
on,defectors25,80,4,1.0,0.5
on,defectors25,80,5,1.0,0.5
on,defectors25,80,6,1.0,0.494
on,defectors25,80,7,1.0,0.499
on,defectors25,80,8,1.0,0.5486666666666666
on,defectors25,80,9,0.6666666666666666,0.48133333333333334
on,defectors25,80,10,1.0,0.3333333333333333
on,defectors25,81,1,1.0,0.494
on,defectors25,81,2,1.0,0.4966666666666667
on,defectors25,81,3,0.5,0.414
on,defectors25,81,4,1.0,0.5
on,defectors25,81,5,1.0,0.5
on,defectors25,81,6,1.0,0.4693333333333333
on,defectors25,81,7,1.0,0.5166666666666666
on,defectors25,81,8,1.0,0.46288888888888885
on,defectors25,81,9,1.0,0.487
on,defectors25,81,10,1.0,0.4923333333333333
on,defectors25,82,1,1.0,0.5333333333333333
on,defectors25,82,2,1.0,0.55
on,defectors25,82,3,1.0,0.5
on,defectors25,82,4,1.0,0.46399999999999997
on,defectors25,82,5,0.75,0.5333333333333333
on,defectors25,82,6,1.0,0.4623333333333334
on,defectors25,82,7,1.0,0.4815555555555555
on,defectors25,82,8,1.0,0.46699999999999997
on,defectors25,82,9,1.0,0.4677777777777778
on,defectors25,82,10,1.0,0.5333333333333333
on,defectors25,83,1,1.0,0.476
on,defectors25,83,2,1.0,0.5666666666666667
on,defectors25,83,3,1.0,0.48733333333333334
on,defectors25,83,4,1.0,0.48333333333333334
on,defectors25,83,5,0.75,0.5666666666666667
on,defectors25,83,6,1.0,0.4666666666666667
on,defectors25,83,7,1.0,0.44366666666666665
on,defectors25,83,8,1.0,0.4897777777777778
on,defectors25,83,9,1.0,0.44533333333333336
on,defectors25,83,10,1.0,0.4246666666666667
on,defectors25,84,1,1.0,0.5333333333333333
on,defectors25,84,2,1.0,0.5833333333333333
on,defectors25,84,3,0.6666666666666666,0.49533333333333335
on,defectors25,84,4,1.0,0.5166666666666666
on,defectors25,84,5,1.0,0.4933333333333333
on,defectors25,84,6,1.0,0.5444444444444444
on,defectors25,84,7,1.0,0.5
on,defectors25,84,8,1.0,0.4966666666666667
on,defectors25,84,9,1.0,0.25
on,defectors25,84,10,0.5,0.5
on,defectors25,85,1,1.0,0.5333333333333333
on,defectors25,85,2,1.0,0.5166666666666666
on,defectors25,85,3,1.0,0.20400000000000001
on,defectors25,85,4,0.6666666666666666,0.5166666666666666
on,defectors25,85,5,0.6666666666666666,0.41400000000000003
on,defectors25,85,6,1.0,0.5283333333333333
on,defectors25,85,7,1.0,0.499
on,defectors25,85,8,0.75,0.5573333333333333
on,defectors25,85,9,1.0,0.45666666666666667
on,defectors25,85,10,0.8333333333333334,0.245
on,defectors25,86,1,1.0,0.4493333333333333
on,defectors25,86,2,1.0,0.4923333333333333
on,defectors25,86,3,0.5,0.5333333333333333
on,defectors25,86,4,1.0,0.5
on,defectors25,86,5,1.0,0.5256666666666667
on,defectors25,86,6,1.0,0.44766666666666666
on,defectors25,86,7,1.0,0.5
on,defectors25,86,8,1.0,0.5102222222222222
on,defectors25,86,9,1.0,0.6
on,defectors25,86,10,1.0,0.5297777777777778
on,defectors25,87,1,1.0,0.5333333333333333
on,defectors25,87,2,1.0,0.5653333333333334
on,defectors25,87,3,0.75,0.6666666666666666
on,defectors25,87,4,1.0,0.4676666666666667
on,defectors25,87,5,1.0,0.48333333333333334
on,defectors25,87,6,1.0,0.5
on,defectors25,87,7,1.0,0.35555555555555557
on,defectors25,87,8,0.6666666666666666,0.5
on,defectors25,87,9,0.5,0.5
on,defectors25,87,10,1.0,0.23066666666666666
on,defectors25,88,1,1.0,0.4797777777777778
on,defectors25,88,2,1.0,0.5166666666666666
on,defectors25,88,3,1.0,0.4733333333333334
on,defectors25,88,4,1.0,0.497
on,defectors25,88,5,1.0,0.43566666666666665
on,defectors25,88,6,1.0,0.49933333333333335
on,defectors25,88,7,1.0,0.4706666666666667
on,defectors25,88,8,1.0,0.5
on,defectors25,88,9,1.0,0.483
on,defectors25,88,10,1.0,0.492
on,defectors25,89,1,1.0,0.5333333333333333
on,defectors25,89,2,1.0,0.444
on,defectors25,89,3,1.0,0.5166666666666666
on,defectors25,89,4,0.75,0.5333333333333333
on,defectors25,89,5,0.5,0.4666666666666667
on,defectors25,89,6,1.0,0.487
on,defectors25,89,7,1.0,0.47333333333333333
on,defectors25,89,8,1.0,0.44733333333333336
on,defectors25,89,9,1.0,0.4771111111111111
on,defectors25,89,10,1.0,0.48333333333333334
