availability,availability_label,condition,condition_label,replicate_id,defector_ids,pairing_seed,noise_seed,standard_send_ratio,standard_return_ratio,myth_coop_density,myth_threat_density,myth_half_rule,myth_punishment_density,myth_punishment_presence
off,Deduction unavailable,control,0% defectors,80,,202608201,202608201,1.0,0.5422916666666666,2.4557261878256655,0.06768433508083097,0.05,0.0,0.0
off,Deduction unavailable,control,0% defectors,81,,202608202,202608202,1.0,0.5234166666666666,2.4848462682499304,0.024602462936394072,0.0875,0.0,0.0
off,Deduction unavailable,control,0% defectors,82,,202608203,202608203,1.0,0.49701666666666666,2.3823489041541217,0.11079962962421366,0.0375,0.0,0.0
off,Deduction unavailable,control,0% defectors,83,,202608204,202608204,1.0,0.546,2.42010174805572,0.04927710119384474,0.075,0.0,0.0
off,Deduction unavailable,control,0% defectors,84,,202608205,202608205,1.0,0.5410999999999999,2.423628406182166,0.024634427613295116,0.0625,0.0,0.0
off,Deduction unavailable,control,0% defectors,85,,202608206,202608206,1.0,0.5322833333333333,2.7473219407750533,0.06191623085037009,0.0625,0.0,0.0
off,Deduction unavailable,control,0% defectors,86,,202608207,202608207,1.0,0.5123083333333333,2.405688288480545,0.06184359796652874,0.0625,0.0,0.0
off,Deduction unavailable,control,0% defectors,87,,202608208,202608208,1.0,0.5301,2.1548536799527107,0.056098240603961666,0.0125,0.006313131313131314,0.0125
off,Deduction unavailable,control,0% defectors,88,,202608209,202608209,1.0,0.5211,2.371993258061515,0.06786071475478297,0.075,0.006157635467980296,0.0125
off,Deduction unavailable,control,0% defectors,89,,202608210,202608210,1.0,0.5081166666666667,2.4688520899786406,0.04954061342478215,0.0625,0.0,0.0
off,Deduction unavailable,defectors25,25% defectors,80,"Agent_4,Agent_5",202608201,202608201,1.0,0.5366666666666666,2.3921379266156486,0.08905357233019857,0.1,0.0,0.0
off,Deduction unavailable,defectors25,25% defectors,81,"Agent_3,Agent_8",202608202,202608202,1.0,0.5098412698412699,2.4745107098192594,0.05731341048466994,0.05,0.0,0.0
off,Deduction unavailable,defectors25,25% defectors,82,"Agent_3,Agent_7",202608203,202608203,0.9666666666666667,0.4751746031746032,2.3207255454139686,0.06622683974811483,0.1,0.0,0.0
off,Deduction unavailable,defectors25,25% defectors,83,"Agent_7,Agent_8",202608204,202608204,0.9666666666666667,0.5206031746031746,2.618925901710226,0.0165016501650165,0.05,0.0,0.0
off,Deduction unavailable,defectors25,25% defectors,84,"Agent_5,Agent_7",202608205,202608205,1.0,0.5404848484848485,2.5998412016528465,0.11416053083737081,0.05,0.008169934640522876,0.016666666666666666
off,Deduction unavailable,defectors25,25% defectors,85,"Agent_4,Agent_6",202608206,202608206,0.9666666666666667,0.5131746031746032,2.33120570231479,0.048918179995339435,0.15,0.0,0.0
off,Deduction unavailable,defectors25,25% defectors,86,"Agent_1,Agent_5",202608207,202608207,0.9666666666666667,0.4944696969696969,2.5364602856415557,0.07391422829011669,0.05,0.0,0.0
off,Deduction unavailable,defectors25,25% defectors,87,"Agent_3,Agent_6",202608208,202608208,1.0,0.5235555555555556,2.3167303339015697,0.03304998268280748,0.08333333333333333,0.008210180623973728,0.016666666666666666
off,Deduction unavailable,defectors25,25% defectors,88,"Agent_2,Agent_7",202608209,202608209,0.8200000000000001,0.5845263157894737,2.222219689430294,0.07366914895280458,0.06666666666666667,0.0,0.0
off,Deduction unavailable,defectors25,25% defectors,89,"Agent_2,Agent_7",202608210,202608210,1.0,0.5773015873015874,2.3140724774481054,0.1472537396004576,0.05,0.016542699046024005,0.03333333333333333
on,Deduction available,control,0% defectors,80,,202608201,202608201,1.0,0.4970416666666667,2.6228176469905007,0.25969123934046917,0.0375,0.07402346910900606,0.1375
on,Deduction available,control,0% defectors,81,,202608202,202608202,1.0,0.5091666666666667,2.692677752343465,0.3517494563490603,0.1125,0.22264984305076357,0.4
on,Deduction available,control,0% defectors,82,,202608203,202608203,1.0,0.48378333333333334,2.3405383904430797,0.3328787239535624,0.075,0.17255382865339533,0.325
on,Deduction available,control,0% defectors,83,,202608204,202608204,1.0,0.5071666666666668,2.4428168231346286,0.22849284547953158,0.05,0.1359902741048768,0.25
on,Deduction available,control,0% defectors,84,,202608205,202608205,1.0,0.5641166666666667,2.6650477914743944,0.2520457324223875,0.0125,0.07449812462205758,0.1375
on,Deduction available,control,0% defectors,85,,202608206,202608206,1.0,0.5446,2.4047661380565466,0.2583097471614916,0.0375,0.12978330533043586,0.2375
on,Deduction available,control,0% defectors,86,,202608207,202608207,1.0,0.5135666666666666,2.449871848892176,0.3440523644918737,0.0625,0.13528271593444693,0.2625
on,Deduction available,control,0% defectors,87,,202608208,202608208,1.0,0.5194166666666666,2.5517206404766126,0.20971024336199587,0.125,0.06881909822005897,0.125
on,Deduction available,control,0% defectors,88,,202608209,202608209,1.0,0.5314666666666666,2.2759898957029967,0.19317211307786453,0.025,0.049933201525444317,0.0875
on,Deduction available,control,0% defectors,89,,202608210,202608210,1.0,0.5013,2.3246824347020336,0.33893771687336904,0.0625,0.2338245762423481,0.4375
on,Deduction available,defectors25,25% defectors,80,"Agent_4,Agent_5",202608201,202608201,0.9666666666666667,0.47384126984126984,2.3503157608586296,0.42263243086155877,0.1,0.21235755539949291,0.4
on,Deduction available,defectors25,25% defectors,81,"Agent_3,Agent_8",202608202,202608202,0.9666666666666667,0.4857333333333334,1.9683955003430706,0.40083663810499687,0.1,0.13940023025694606,0.25
on,Deduction available,defectors25,25% defectors,82,"Agent_3,Agent_7",202608203,202608203,0.9666666666666667,0.4953015873015873,2.4120639504989314,0.5439217309349835,0.03333333333333333,0.1811247406082202,0.3
on,Deduction available,defectors25,25% defectors,83,"Agent_7,Agent_8",202608204,202608204,0.9666666666666667,0.48523809523809514,2.1994747744449503,0.4233412615516046,0.11666666666666667,0.2044333328250788,0.36666666666666664
on,Deduction available,defectors25,25% defectors,84,"Agent_5,Agent_7",202608205,202608205,0.9,0.4935333333333333,2.508459066751155,0.4008839666577957,0.1,0.22190030044572925,0.3333333333333333
on,Deduction available,defectors25,25% defectors,85,"Agent_4,Agent_6",202608206,202608206,0.8833333333333333,0.4471,1.9897969229961552,0.4089950314507705,0.05,0.19666625599166576,0.36666666666666664
on,Deduction available,defectors25,25% defectors,86,"Agent_1,Agent_5",202608207,202608207,0.9666666666666667,0.5087301587301587,2.376866217354329,0.4287874140348527,0.1,0.16405399875785928,0.31666666666666665
on,Deduction available,defectors25,25% defectors,87,"Agent_3,Agent_6",202608208,202608208,0.8666666666666667,0.46284210526315794,2.247600667076293,0.3495983225443559,0.0,0.21175118412212365,0.38333333333333336
on,Deduction available,defectors25,25% defectors,88,"Agent_2,Agent_7",202608209,202608209,1.0,0.4845079365079365,2.4744524528407754,0.509002890159384,0.06666666666666667,0.197347121856798,0.38333333333333336
on,Deduction available,defectors25,25% defectors,89,"Agent_2,Agent_7",202608210,202608210,0.9,0.4842807017543859,2.29010618783299,0.4365765845809803,0.05,0.18997245374861374,0.35
