model,task_order,noise_condition,round,ttr_mean,ttr_std,ttr_count,entropy_bits_mean,entropy_bits_std,entropy_bits_count,mean_sentence_length_mean,mean_sentence_length_std,mean_sentence_length_count,n_tokens_mean,n_tokens_std,n_tokens_count
anthropic/claude-sonnet-4.5,game_myth,no_noise,1,0.6628611379694361,0.0367899264905126,40,6.687076842200153,0.1440304411857314,40,14.518203926384071,2.028510073721059,40,203.8,5.598534606804682,40
anthropic/claude-sonnet-4.5,game_myth,no_noise,2,0.6874185912720259,0.0329791684076155,40,6.7825434175532475,0.1292538056671656,40,13.912250450787601,1.6157859005383919,40,206.05,6.27551203345603,40
anthropic/claude-sonnet-4.5,game_myth,no_noise,3,0.6804974579550371,0.039808155825944457,40,6.797065131415546,0.14543624028196864,40,14.085029079430203,2.264290216737319,40,206.95,7.612237111792671,40
anthropic/claude-sonnet-4.5,game_myth,no_noise,4,0.696188947712477,0.034719352666175964,40,6.8650401931754725,0.14615236521155373,40,13.552485859406332,2.3083729571328417,40,208.575,7.496623171425855,40
anthropic/claude-sonnet-4.5,game_myth,no_noise,5,0.6982850284968363,0.03387965246894188,40,6.898026818499519,0.138616651268315,40,13.188265385500292,1.9712991059373832,40,210.75,9.13081567395787,40
anthropic/claude-sonnet-4.5,game_myth,no_noise,6,0.7056503152502521,0.04095402243691563,40,6.92407726787966,0.16408055756052142,40,12.980677899671708,2.289192131867012,40,210.95,10.165174333515832,40
anthropic/claude-sonnet-4.5,game_myth,no_noise,7,0.7067004869975005,0.04653505631587798,40,6.934900013554102,0.17701707533908262,40,12.337277761850181,2.1893630091334337,40,211.225,8.438275130587252,40
anthropic/claude-sonnet-4.5,game_myth,no_noise,8,0.7028426936580583,0.047893154444940605,40,6.931167129114963,0.17129306797598884,40,12.09426806728236,2.3293521262633448,40,211.85,7.8202564060528195,40
anthropic/claude-sonnet-4.5,game_myth,no_noise,9,0.7080209822027393,0.04840765731616611,40,6.966719148770468,0.17193305817485835,40,11.817652477604145,2.756342456497074,40,213.375,11.528532052349567,40
anthropic/claude-sonnet-4.5,game_myth,no_noise,10,0.7056084422825022,0.05330013582043499,40,6.950394153544202,0.1761847187940778,40,11.7424686943594,2.608038732628645,40,212.625,9.472463465359178,40
anthropic/claude-sonnet-4.5,game_myth,no_noise,11,0.6997923210926988,0.046029147657096516,40,6.929816542130517,0.16596569245918547,40,12.106310980297406,3.015640915051475,40,212.1,9.77122935340907,40
anthropic/claude-sonnet-4.5,game_myth,no_noise,12,0.7003060014221276,0.054476025201655266,40,6.948488688714299,0.18107759085277955,40,11.98766929882472,3.1163860014892846,40,212.725,9.21811900274226,40
anthropic/claude-sonnet-4.5,game_myth,no_noise,13,0.682626282582149,0.05797584801265285,40,6.893751953340437,0.19844831536538862,40,11.777372357786655,3.2097471830014204,40,214.25,9.54543789542337,40
anthropic/claude-sonnet-4.5,game_myth,no_noise,14,0.6755363467040454,0.05928030932564686,40,6.888261673627997,0.20759275190283913,40,11.90890779972176,3.458752269577732,40,214.075,12.005100411801477,40
anthropic/claude-sonnet-4.5,game_myth,no_noise,15,0.6726203766310495,0.0556787738501553,40,6.852443270749495,0.2212931404891877,40,11.914751021765248,3.745979249843338,40,212.275,11.758221346392865,40
anthropic/claude-sonnet-4.5,game_myth,noise,1,0.6528599595263931,0.02901169790341709,30,6.622025030803441,0.11357786902002494,30,15.968750897795015,2.150166308676471,30,199.33333333333334,5.201679657992009,30
anthropic/claude-sonnet-4.5,game_myth,noise,2,0.6677846995208905,0.023673300167936853,30,6.700890491569101,0.11438460623476258,30,16.04522916897917,2.644956048673607,30,202.7,6.012343624749751,30
anthropic/claude-sonnet-4.5,game_myth,noise,3,0.6709892840516382,0.03231106932527809,30,6.772458777276588,0.11638924685231858,30,13.952971073044603,1.7226622500387772,30,206.53333333333333,6.6681607521183786,30
anthropic/claude-sonnet-4.5,game_myth,noise,4,0.6790936491950077,0.04332947108465783,30,6.811573551094692,0.14260802516913254,30,14.114649196119785,2.4198178885121564,30,207.0,6.591530616030617,30
anthropic/claude-sonnet-4.5,game_myth,noise,5,0.6771748550317933,0.03667029443193345,30,6.814187154454308,0.13193645445994306,30,12.577483620753746,1.5936153871093504,30,207.93333333333334,7.723378451988725,30
anthropic/claude-sonnet-4.5,game_myth,noise,6,0.6931219748170679,0.04110352880185185,30,6.875610007546354,0.12783987909584604,30,12.13897804969941,2.134953280803666,30,207.7,7.37259604303621,30
anthropic/claude-sonnet-4.5,game_myth,noise,7,0.6679152264602766,0.04387920000988189,30,6.809004176589997,0.1561021934454069,30,11.789650973954378,2.4846014847145907,30,209.43333333333334,8.033049549048686,30
anthropic/claude-sonnet-4.5,game_myth,noise,8,0.6734535337241739,0.04111808663479898,30,6.826681258329423,0.14669507915370505,30,11.38045292749607,2.3798827102734923,30,209.73333333333332,8.854896690662102,30
anthropic/claude-sonnet-4.5,game_myth,noise,9,0.680220949008152,0.043492880780882794,30,6.8575210233897606,0.13604318298105267,30,11.60581731548237,2.5922078004993105,30,210.1,9.949354510339543,30
anthropic/claude-sonnet-4.5,game_myth,noise,10,0.667348235951592,0.04449197967392357,30,6.830549443876287,0.13890821518860816,30,11.188411576956884,2.2848672673030253,30,212.36666666666667,10.62035564484488,30
anthropic/claude-sonnet-4.5,game_myth,noise_informed,1,0.6439606839638602,0.02574673221042964,30,6.589694981414998,0.1329423391279346,30,15.383401957519604,2.1911733104544653,30,200.86666666666667,5.64912769179109,30
anthropic/claude-sonnet-4.5,game_myth,noise_informed,2,0.6607213306484547,0.03363655777564524,30,6.678679815293041,0.12376826997945778,30,15.580817284567283,3.113156542161915,30,203.0,6.967906725691083,30
anthropic/claude-sonnet-4.5,game_myth,noise_informed,3,0.6678274976064184,0.029963765522540816,30,6.71764815989919,0.11351862776113247,30,14.996492748307764,2.897737200162962,30,203.66666666666666,7.2603473524453985,30
anthropic/claude-sonnet-4.5,game_myth,noise_informed,4,0.6675878885981597,0.04160237401668905,30,6.749294857898747,0.16121112277117425,30,13.967054952128482,2.7386263020036097,30,206.23333333333332,8.261599299681977,30
anthropic/claude-sonnet-4.5,game_myth,noise_informed,5,0.6739205429463649,0.04305945298278099,30,6.789566369112928,0.15521440887714508,30,13.209518311309097,2.7341443682915596,30,209.26666666666668,7.065864192128887,30
anthropic/claude-sonnet-4.5,game_myth,noise_informed,6,0.6801295824282867,0.03428342854460071,30,6.826050204139304,0.12779568377011752,30,12.551923055817019,2.0532439883183775,30,208.83333333333334,6.968319113270273,30
anthropic/claude-sonnet-4.5,game_myth,noise_informed,7,0.6818317950350273,0.03593480677196138,30,6.833976313914991,0.12432668177125787,30,11.928302164848807,2.1156643558749026,30,210.63333333333333,8.731565145210656,30
anthropic/claude-sonnet-4.5,game_myth,noise_informed,8,0.6875976729955123,0.042479898301422216,30,6.875857375395483,0.1497146337070728,30,10.547001243226644,1.314369475977918,30,212.03333333333333,7.5360436585113115,30
anthropic/claude-sonnet-4.5,game_myth,noise_informed,9,0.6773245379890968,0.04879018843280841,30,6.828529022140648,0.16387176470968925,30,10.542364683554023,1.7579160178095963,30,211.96666666666667,9.67928229504267,30
anthropic/claude-sonnet-4.5,game_myth,noise_informed,10,0.6798856826157799,0.04714299748264358,30,6.843723259194541,0.1704414027190775,30,10.41951959233093,2.4212767641296584,30,212.5,8.697007015892455,30
anthropic/claude-sonnet-4.5,myth_game,no_noise,1,0.6660956091173869,0.03415555997761792,40,6.671147528723102,0.13762131716167858,40,14.899998324796119,2.500281938047861,40,203.1,6.0119539039807774,40
anthropic/claude-sonnet-4.5,myth_game,no_noise,2,0.6889350899233481,0.037901516055003644,40,6.781495511212479,0.14123356849060695,40,14.67129637315299,2.0057768072174316,40,204.0,6.3245553203367635,40
anthropic/claude-sonnet-4.5,myth_game,no_noise,3,0.7030490601356799,0.04002869274064766,40,6.857978236572177,0.13739718998876732,40,14.108690934968024,2.216201807989234,40,206.0,5.688494911571455,40
anthropic/claude-sonnet-4.5,myth_game,no_noise,4,0.7117025231948488,0.03987400437758751,40,6.904007044128882,0.12595927257979267,40,13.46650243214388,2.1754793951137366,40,207.3,6.962168833904763,40
anthropic/claude-sonnet-4.5,myth_game,no_noise,5,0.7167478870261166,0.043794413482457405,40,6.935350124903337,0.16319802049732063,40,13.427542940375758,2.407517300497973,40,207.85,8.291330040841087,40
anthropic/claude-sonnet-4.5,myth_game,no_noise,6,0.7254804174079358,0.045363878746526594,40,6.983841454047647,0.16826931945250828,40,12.683603507070284,2.3191352162416092,40,209.025,8.751520014494774,40
anthropic/claude-sonnet-4.5,myth_game,no_noise,7,0.7329270255319232,0.04046808774019556,40,7.015064182078957,0.14524511737893775,40,12.8508226744231,2.5589749667570008,40,209.05,8.196152943724453,40
anthropic/claude-sonnet-4.5,myth_game,no_noise,8,0.7309023957095013,0.050664100215093405,40,7.026661915387943,0.16995888809175924,40,11.74776284561354,2.3855912228891163,40,211.725,9.548761498427226,40
anthropic/claude-sonnet-4.5,myth_game,no_noise,9,0.7248058237258619,0.04289862043316261,40,7.0186927835205015,0.16514254144873677,40,11.833913047009116,2.5828109868103226,40,211.975,12.871131482547504,40
anthropic/claude-sonnet-4.5,myth_game,no_noise,10,0.7292414022495388,0.042053447038510335,40,7.03894312788276,0.16226560807753307,40,11.76734321041016,2.4719438038687414,40,214.375,11.61053345800646,40
anthropic/claude-sonnet-4.5,myth_game,no_noise,11,0.7327628927513177,0.043031076067532446,40,7.029794110261085,0.16364045059864007,40,11.513345755419033,2.7248758790343697,40,211.425,10.332640588855392,40
anthropic/claude-sonnet-4.5,myth_game,no_noise,12,0.7159121719183568,0.046878494138431946,40,6.998562300367787,0.1787324331207864,40,11.583709389166046,2.92119610051256,40,213.625,12.801617485943344,40
anthropic/claude-sonnet-4.5,myth_game,no_noise,13,0.7132899382418174,0.053950037506542,40,6.982574818314015,0.19494642003980117,40,11.133562343004067,3.175969380328147,40,212.4,12.442276978521917,40
anthropic/claude-sonnet-4.5,myth_game,no_noise,14,0.7044112331229803,0.054824926896993864,40,6.960927490398463,0.19998462644348816,40,10.951222544916522,2.8157047383909215,40,212.225,13.523934149196192,40
anthropic/claude-sonnet-4.5,myth_game,no_noise,15,0.7130527275087688,0.04841480724451956,40,7.004828510086844,0.17612552271757728,40,10.737769796769442,2.934268853000984,40,214.0,13.598642466183037,40
anthropic/claude-sonnet-4.5,myth_game,noise,1,0.633074420662771,0.026372627205438683,30,6.554481192099268,0.11859211837507772,30,16.630068300435948,2.861882240635027,30,202.2,5.616478219151829,30
anthropic/claude-sonnet-4.5,myth_game,noise,2,0.6666921878977744,0.032343694852024846,30,6.660901126107989,0.13415841167860879,30,15.270264822466835,2.512234057275581,30,199.6,4.81090714795109,30
anthropic/claude-sonnet-4.5,myth_game,noise,3,0.6702572010475774,0.03281037276529504,30,6.699169575781872,0.14858402178356217,30,14.115313390313391,1.9397131822406097,30,201.73333333333332,5.7170847003752145,30
anthropic/claude-sonnet-4.5,myth_game,noise,4,0.6830062643412714,0.031074634139747405,30,6.780946868468495,0.10432511472763052,30,12.904701872058684,2.077108279428796,30,201.43333333333334,6.240487013120014,30
anthropic/claude-sonnet-4.5,myth_game,noise,5,0.6840805373121032,0.03239179852272115,30,6.806084397040637,0.10898882231477851,30,12.745742835624414,2.1714475330978096,30,203.6,7.788585812939172,30
anthropic/claude-sonnet-4.5,myth_game,noise,6,0.6816803363870096,0.034139816470080415,30,6.820220668456037,0.12639026309660853,30,12.156087269414602,1.8972044590420973,30,207.4,7.039788398073847,30
anthropic/claude-sonnet-4.5,myth_game,noise,7,0.67844810127518,0.04403931743132062,30,6.833181447247202,0.16170109946280997,30,11.710265056985511,1.5924296851467112,30,208.56666666666666,8.744193475686027,30
anthropic/claude-sonnet-4.5,myth_game,noise,8,0.6753897343049362,0.04135860218714027,30,6.809358525041943,0.1522339592541873,30,11.394336914830085,1.595823954396885,30,209.2,5.281065723167416,30
anthropic/claude-sonnet-4.5,myth_game,noise,9,0.6645802536507989,0.04435065598480207,30,6.791118257714912,0.16376450028571915,30,11.239219431470675,1.8179903064074807,30,210.76666666666668,8.700706801781964,30
anthropic/claude-sonnet-4.5,myth_game,noise,10,0.6563183694086143,0.04425088504622175,30,6.765050455169975,0.14647145330250705,30,11.154451156347779,1.768052425200583,30,211.6,9.905066624086194,30
anthropic/claude-sonnet-4.5,myth_game,noise_informed,1,0.6480376700557426,0.03447100355657355,30,6.5969164597144845,0.12372465919660204,30,16.043395493395494,2.203531140620571,30,201.4,5.190176397241502,30
anthropic/claude-sonnet-4.5,myth_game,noise_informed,2,0.6698750976493514,0.028028539553348997,30,6.703170323391185,0.10413520414273351,30,14.84047309172309,1.787500477129915,30,201.8,5.492314379328567,30
anthropic/claude-sonnet-4.5,myth_game,noise_informed,3,0.6773515564204176,0.029239231939119734,30,6.756952570007015,0.09927501949647888,30,14.485176702382583,2.2194177054249327,30,203.33333333333334,5.3648494103192075,30
anthropic/claude-sonnet-4.5,myth_game,noise_informed,4,0.6787731553967888,0.03700380276273407,30,6.792937547659146,0.12856429344771345,30,13.321421039400915,1.8131958555683212,30,205.06666666666666,5.836468779672512,30
anthropic/claude-sonnet-4.5,myth_game,noise_informed,5,0.6788561831560801,0.0360329193129155,30,6.816793729608777,0.15506570152385163,30,12.561573314026875,1.9617517420242625,30,207.86666666666667,8.190546835911775,30
anthropic/claude-sonnet-4.5,myth_game,noise_informed,6,0.6926676520821798,0.05732927763831777,30,6.812115079880322,0.251868544984823,30,11.850302495492123,1.7240751471439766,30,204.66666666666666,28.897360974046883,30
anthropic/claude-sonnet-4.5,myth_game,noise_informed,7,0.6948964974698473,0.04200052611086375,30,6.881661787821854,0.15476960713909163,30,11.173643361257778,1.7771830280466185,30,210.26666666666668,6.034003265022227,30
anthropic/claude-sonnet-4.5,myth_game,noise_informed,8,0.6977583919958493,0.03909604273951638,30,6.878160788065935,0.16092091369032516,30,10.711765318624183,1.7686122956158374,30,207.33333333333334,16.684358426141355,30
anthropic/claude-sonnet-4.5,myth_game,noise_informed,9,0.6869086596497727,0.042940158579568566,30,6.886606086048412,0.12375899639738412,30,10.446324810508829,1.740018394859054,30,211.86666666666667,7.309574888970718,30
anthropic/claude-sonnet-4.5,myth_game,noise_informed,10,0.6704360293193905,0.04970938036680682,30,6.8506043493134285,0.16280358240009676,30,10.066570369766403,1.82026438144596,30,214.63333333333333,8.401491383752315,30
google/gemini-3-pro-preview,game_myth,no_noise,1,0.6323856555510593,0.0259791128487162,40,6.52622631130277,0.15377411429974272,40,16.04460963056551,1.5549100012811805,40,210.975,14.307049544426226,40
google/gemini-3-pro-preview,game_myth,no_noise,2,0.6280663078315135,0.03504101536021211,40,6.469089730191873,0.16858573111888298,40,16.795751644189146,1.6439400791136098,40,208.275,11.401726140122774,40
google/gemini-3-pro-preview,game_myth,no_noise,3,0.622493900463556,0.02732574423239739,40,6.4455905388504195,0.1259939402684295,40,16.15766317016317,1.6283102299121117,40,208.825,10.295349958560452,40
google/gemini-3-pro-preview,game_myth,no_noise,4,0.6183631504943196,0.029181950323417714,40,6.4293738214662115,0.12308309289464713,40,16.634551282051284,1.3906228995727228,40,210.6,8.245589341565793,40
google/gemini-3-pro-preview,game_myth,no_noise,5,0.624012562908791,0.026104473739079596,40,6.459785520951644,0.13935291282026627,40,16.348668206148854,1.704637503815859,40,211.9,15.830512569248297,40
google/gemini-3-pro-preview,game_myth,no_noise,6,0.6259610649051259,0.02906357864634855,40,6.472780801340126,0.15397837230723782,40,16.228262154512155,1.4776937430562223,40,212.325,16.669313892329995,40
google/gemini-3-pro-preview,game_myth,no_noise,7,0.628488347211839,0.027186392074959476,40,6.486325724418871,0.1327238611380777,40,16.07208166833167,1.5136219672540192,40,211.3,10.820682949203325,40
google/gemini-3-pro-preview,game_myth,no_noise,8,0.6301224828353271,0.0285369740346683,40,6.496009896227017,0.13528325643608238,40,16.371742203874554,1.906482790013072,40,212.6,13.839371558282737,40
google/gemini-3-pro-preview,game_myth,no_noise,9,0.6310879461705252,0.03528342342031283,40,6.507182392438311,0.16277866849154413,40,16.130992167554666,1.521769324172021,40,215.875,15.099987264385867,40
google/gemini-3-pro-preview,game_myth,no_noise,10,0.6282239571286301,0.029707885906561496,40,6.5076668487489,0.13400563686335543,40,16.18303400643474,1.4374424238760921,40,216.2,17.457934791363133,40
google/gemini-3-pro-preview,game_myth,no_noise,11,0.629458342591246,0.031166117764372964,40,6.507258255547738,0.16930547038990867,40,16.090321595436727,1.5500517266974405,40,217.15,18.262403582644442,40
google/gemini-3-pro-preview,game_myth,no_noise,12,0.634742773689127,0.025770113477917245,40,6.505267538851525,0.1497750245045973,40,16.27359733403851,1.824049332550009,40,214.3,18.330582544214366,40
google/gemini-3-pro-preview,game_myth,no_noise,13,0.6326996696522665,0.03135524705934548,40,6.508880515892818,0.1653786943455247,40,16.195749790285394,2.0285901725590048,40,213.95,17.822414582162022,40
google/gemini-3-pro-preview,game_myth,no_noise,14,0.6307004026739075,0.02633499116210562,40,6.525641887162031,0.14917321949319548,40,16.150864539871893,1.773977647704479,40,218.05,19.522439423023986,40
google/gemini-3-pro-preview,game_myth,no_noise,15,0.6260318706007175,0.02857301175885206,40,6.521036322614147,0.15415565072578288,40,16.281713262227967,1.6400292638971434,40,218.55,23.211347799442102,40
google/gemini-3-pro-preview,myth_game,no_noise,1,0.629497698649776,0.028369599903541324,40,6.488942847106989,0.14486249445008179,40,16.178631264568764,1.8388981215310167,40,210.55,10.517262976308075,40
google/gemini-3-pro-preview,myth_game,no_noise,2,0.6240159691603377,0.0268835804165076,40,6.466392330392553,0.1400884953032516,40,16.486803023365525,1.9401747637409992,40,210.05,7.742490157962996,40
google/gemini-3-pro-preview,myth_game,no_noise,3,0.6189897383012903,0.026370101630350983,40,6.430373694364533,0.1409294254028244,40,16.185483995171495,1.700111693964874,40,209.65,7.790691355385077,40
google/gemini-3-pro-preview,myth_game,no_noise,4,0.6146481170226299,0.030643710792183858,40,6.425586975185493,0.12810314079149793,40,16.07069264069264,1.6773338294734705,40,212.0,10.796485658032546,40
google/gemini-3-pro-preview,myth_game,no_noise,5,0.6132381652682016,0.024192318435505903,40,6.413095095870112,0.1312596525675984,40,15.948732933732932,1.5678596398623386,40,209.525,8.880943297091463,40
google/gemini-3-pro-preview,myth_game,no_noise,6,0.6173914683643813,0.027596077170318728,40,6.42306034966885,0.15526173082535516,40,15.8176715380208,1.686816385650944,40,211.5,11.091692432881514,40
google/gemini-3-pro-preview,myth_game,no_noise,7,0.6130914850405647,0.025308205616584055,40,6.417738464273856,0.144205108047197,40,15.948965201465203,1.6303704505839438,40,211.225,8.733922959152446,40
google/gemini-3-pro-preview,myth_game,no_noise,8,0.6199499604797284,0.02513884099976662,40,6.428066071339512,0.14427686702084092,40,15.867731539294038,1.4592656589457411,40,210.975,8.309671535364139,40
google/gemini-3-pro-preview,myth_game,no_noise,9,0.6230266103964995,0.026533107078808037,40,6.426162898966865,0.14138922572354215,40,15.810896256521255,1.5294859930022409,40,210.45,10.37736689096727,40
google/gemini-3-pro-preview,myth_game,no_noise,10,0.6188356090644155,0.025738732206228482,40,6.431840538865761,0.14415268597623698,40,16.2385221028971,1.570029626174685,40,213.45,11.213430591974324,40
google/gemini-3-pro-preview,myth_game,no_noise,11,0.6193724420090709,0.026755529333344297,40,6.4215043049031255,0.1541520930894003,40,15.99960409076218,1.9189009929009586,40,211.5,13.922864426767713,40
google/gemini-3-pro-preview,myth_game,no_noise,12,0.6174759825050858,0.02869910152242644,40,6.4125572342289985,0.1481607323460184,40,15.844582396769898,1.5415243223645252,40,211.1,12.895636312235068,40
google/gemini-3-pro-preview,myth_game,no_noise,13,0.6233602867843094,0.026753698215405082,40,6.426463456292223,0.14370896783311718,40,15.542962870462869,1.4743787953763587,40,209.85,10.460058341750324,40
google/gemini-3-pro-preview,myth_game,no_noise,14,0.6210280787427779,0.026663785220570096,40,6.415477067675839,0.13207693160432088,40,15.710032190032189,1.6625794449415636,40,209.55,9.865635774280802,40
google/gemini-3-pro-preview,myth_game,no_noise,15,0.6234988721045559,0.02686836986901118,40,6.419360576872215,0.14661769372818861,40,15.680778076090576,1.425992209189007,40,210.875,10.989942954985993,40
google/gemini-3.1-pro-preview,game_myth,noise,1,0.6624670056423039,0.03540899863172347,30,6.564515600591805,0.138691811531331,30,16.213691863691864,1.4608112296109474,30,200.06666666666666,3.9122560149403314,30
google/gemini-3.1-pro-preview,game_myth,noise,2,0.6658067567153494,0.026675183140405366,30,6.573807762938814,0.1043561847603137,30,17.654829799829802,1.6404916782397394,30,198.86666666666667,3.775906681098962,30
google/gemini-3.1-pro-preview,game_myth,noise,3,0.6726536276923885,0.024501595566680034,30,6.612314818198417,0.10068760209730514,30,18.020745550745552,1.8890516482349027,30,200.56666666666666,3.6073042120343723,30
google/gemini-3.1-pro-preview,game_myth,noise,4,0.6683998114343291,0.025682507008549273,30,6.589769180059454,0.09274353637536759,30,17.796100751100752,1.9143176263428296,30,201.16666666666666,3.2385962618280244,30
google/gemini-3.1-pro-preview,game_myth,noise,5,0.6724110492299133,0.028353897910821834,30,6.611201007305059,0.121294362624323,30,17.960282125282124,1.9547497272433738,30,202.9,4.23735441210587,30
google/gemini-3.1-pro-preview,game_myth,noise,6,0.6796413466367978,0.034359324250797456,30,6.623874411866575,0.15140100417320174,30,17.894581344581344,2.0270181550443205,30,202.3,3.611762393376242,30
google/gemini-3.1-pro-preview,game_myth,noise,7,0.685224924205328,0.03187200878301444,30,6.623298315178073,0.15718845882495397,30,17.835091575091575,1.739186403117883,30,201.76666666666668,3.380301285626655,30
google/gemini-3.1-pro-preview,game_myth,noise,8,0.6832238714459397,0.02913592825318063,30,6.6278745447432525,0.13468561844001004,30,18.022444777444775,2.275909417680832,30,203.0,4.3943537440204095,30
google/gemini-3.1-pro-preview,game_myth,noise,9,0.6890875012736769,0.02529325225369926,30,6.665748072028792,0.11477202171077631,30,17.711623931623933,2.0246603354071655,30,204.23333333333332,5.975140069536002,30
google/gemini-3.1-pro-preview,game_myth,noise,10,0.688690289498783,0.02714477842516668,30,6.653659089940722,0.13940518334809238,30,18.040339290339293,1.7270206313306848,30,202.43333333333334,3.597732363714613,30
google/gemini-3.1-pro-preview,game_myth,noise_informed,1,0.6626212551250332,0.020908721110946518,30,6.570703968505673,0.10925036632907319,30,16.312134532134532,1.670168267140803,30,198.7,3.544300913511328,30
google/gemini-3.1-pro-preview,game_myth,noise_informed,2,0.6481672385619877,0.024894941615222144,30,6.5091322448353095,0.11626672963671715,30,17.203892773892775,1.8691602814709072,30,198.83333333333334,3.6206622878002355,30
google/gemini-3.1-pro-preview,game_myth,noise_informed,3,0.6573636681493825,0.026751992041563154,30,6.532750105037336,0.12072715978658234,30,17.146211381211383,1.8896945416555615,30,200.4,5.392203823017594,30
google/gemini-3.1-pro-preview,game_myth,noise_informed,4,0.6604233545629113,0.02986028848243527,30,6.544606430513539,0.13236489573439222,30,17.001168831168833,1.8682991398746622,30,200.63333333333333,5.416980539093669,30
google/gemini-3.1-pro-preview,game_myth,noise_informed,5,0.675021616096503,0.029099436659213416,30,6.592301786269925,0.14428870828024443,30,17.284902874902873,1.5680417454561855,30,201.13333333333333,3.390995513814878,30
google/gemini-3.1-pro-preview,game_myth,noise_informed,6,0.6728675830592921,0.03309393209213686,30,6.585496322728854,0.1543456302858582,30,17.43028749028749,1.6747418096826667,30,202.6,5.0555534503805974,30
google/gemini-3.1-pro-preview,game_myth,noise_informed,7,0.6778837838208063,0.02608437941077273,30,6.6219472961013475,0.11825986066844996,30,17.35275446775447,1.3134077663188208,30,204.1,6.814538211389148,30
google/gemini-3.1-pro-preview,game_myth,noise_informed,8,0.6807386321090871,0.027391516329821126,30,6.607642927420263,0.1320639187336745,30,17.577072742072744,1.6037102015757625,30,202.06666666666666,4.09316784269907,30
google/gemini-3.1-pro-preview,game_myth,noise_informed,9,0.6809888193749649,0.02572173124798705,30,6.61695242191335,0.15515553339160912,30,17.616933436933436,1.606730915257754,30,204.03333333333333,6.9801854205849825,30
google/gemini-3.1-pro-preview,game_myth,noise_informed,10,0.6858843164966458,0.026285592942302562,30,6.632985234647661,0.15302646563727285,30,17.78219114219114,1.507625991185985,30,204.5,7.233780906752469,30
google/gemini-3.1-pro-preview,myth_game,noise,1,0.65278790636656,0.024662277538641815,30,6.535097176661299,0.11027895163372091,30,16.612878232878234,1.674154910658496,30,199.36666666666667,6.73377146634184,30
google/gemini-3.1-pro-preview,myth_game,noise,2,0.6516436725945413,0.029820721100787154,30,6.516841463107417,0.116556170840367,30,18.006556591556592,1.812260176875195,30,200.16666666666666,2.653343152526161,30
google/gemini-3.1-pro-preview,myth_game,noise,3,0.6634949355049404,0.027040775770808437,30,6.57174409689194,0.12477217299728167,30,17.737367262367265,2.3348135975369693,30,200.83333333333334,3.742425300047662,30
google/gemini-3.1-pro-preview,myth_game,noise,4,0.6623380370862658,0.02906059397928775,30,6.54185376318687,0.14680728403278165,30,18.162926702926704,1.912756536565822,30,200.46666666666667,4.297018479840634,30
google/gemini-3.1-pro-preview,myth_game,noise,5,0.6767957894627918,0.026567277748554483,30,6.60449141454377,0.10473471922296235,30,18.653883708883708,1.942098756283994,30,202.26666666666668,2.572176501335591,30
google/gemini-3.1-pro-preview,myth_game,noise,6,0.6679646817727518,0.029301174000808936,30,6.561918033513118,0.13147043456744806,30,18.41042476042476,1.9648186901505633,30,202.5,4.576928649440475,30
google/gemini-3.1-pro-preview,myth_game,noise,7,0.6721156609914314,0.024546537920251393,30,6.5782228539799865,0.12810096293572837,30,18.52102564102564,1.7342642426487977,30,203.0,4.948005519468392,30
google/gemini-3.1-pro-preview,myth_game,noise,8,0.6768657555508094,0.026192662460733727,30,6.590610567920679,0.13706125500284935,30,18.75639342139342,1.6046569163230935,30,202.7,5.344349255570525,30
google/gemini-3.1-pro-preview,myth_game,noise,9,0.6765025431644406,0.03171961990209339,30,6.588464516276644,0.16049306390895707,30,18.49752395752396,1.9208650225682413,30,203.0,4.3628525941888805,30
google/gemini-3.1-pro-preview,myth_game,noise,10,0.6832162569544148,0.02588007558786361,30,6.609479501803782,0.15609587074328815,30,18.61981028231028,2.3405429165258274,30,203.2,4.505934783800363,30
google/gemini-3.1-pro-preview,myth_game,noise_informed,1,0.6446130832724026,0.02867342081575647,30,6.485820145287126,0.11861518762809944,30,16.847657342657342,1.4534462894703464,30,199.43333333333334,4.057205878462405,30
google/gemini-3.1-pro-preview,myth_game,noise_informed,2,0.6509940818350691,0.026270365767046267,30,6.490994184494922,0.1270216045180994,30,17.609260184260183,1.680810452332114,30,199.36666666666667,4.004164498785395,30
google/gemini-3.1-pro-preview,myth_game,noise_informed,3,0.6547160967024686,0.02871567544365475,30,6.5264323585337705,0.11921693931775647,30,18.15164465164465,2.22668228307324,30,199.7,4.153519488088511,30
google/gemini-3.1-pro-preview,myth_game,noise_informed,4,0.6676568422198002,0.025623145687536576,30,6.548831466014469,0.1040326909801412,30,18.217623672623674,1.5943833889704144,30,200.06666666666666,3.2369987518595433,30
google/gemini-3.1-pro-preview,myth_game,noise_informed,5,0.6749926713289801,0.025810538077141305,30,6.583821734162613,0.10551722726485657,30,18.716149036149037,2.283168094460512,30,201.6,3.820092073272038,30
google/gemini-3.1-pro-preview,myth_game,noise_informed,6,0.6730249523330657,0.029565916263329967,30,6.558843346317803,0.13320776883368926,30,18.49473840973841,1.9202379864871453,30,201.03333333333333,3.6053918753323626,30
google/gemini-3.1-pro-preview,myth_game,noise_informed,7,0.6807394337519187,0.025669814453162854,30,6.584191543275547,0.11178021742334916,30,18.564182854182853,1.5632103665299661,30,201.93333333333334,5.674706939620292,30
google/gemini-3.1-pro-preview,myth_game,noise_informed,8,0.676001353708204,0.02843663043252066,30,6.577164072479824,0.13766029302729757,30,18.543136493136494,1.9354653089855285,30,203.46666666666667,6.521758454077665,30
google/gemini-3.1-pro-preview,myth_game,noise_informed,9,0.6824215346947844,0.027632558487969028,30,6.605518172812663,0.1120476295100282,30,19.054509194509194,1.8933815148004196,30,204.2,6.905270351020991,30
google/gemini-3.1-pro-preview,myth_game,noise_informed,10,0.6735914613409248,0.026931132872779293,30,6.590203679794977,0.11809965539901845,30,18.881151256151256,2.1408939809535084,30,203.76666666666668,5.3991272176754315,30
openai/gpt-5-nano,game_myth,no_noise,1,0.661302629448642,0.04730688296342123,96,6.589139893314399,0.18849468716295006,96,19.089427528490027,2.913307123335929,96,203.33333333333334,3.4448028487370173,96
openai/gpt-5-nano,game_myth,no_noise,2,0.677407623539272,0.050475476420569876,96,6.569479082620291,0.695800897040927,96,20.354730223480225,3.5044075037639217,96,201.71875,20.819880744387717,96
openai/gpt-5-nano,game_myth,no_noise,3,0.666716912940385,0.03233901563993158,96,6.609431246517791,0.14035432412767213,96,20.41976385882636,2.722219163962065,96,203.17708333333334,1.978807677507199,96
openai/gpt-5-nano,game_myth,no_noise,4,0.6735378768532327,0.030705070041294597,96,6.631599769745822,0.13339938673999371,96,20.375370173807674,2.5793826642947075,96,202.13541666666666,6.994162666360336,96
openai/gpt-5-nano,game_myth,no_noise,5,0.6741311043794248,0.025121874227989904,96,6.631913950308056,0.10496085582678653,96,20.553013913170165,2.5695915722964067,96,202.63541666666666,1.515671063235614,96
openai/gpt-5-nano,game_myth,no_noise,6,0.6882063428944011,0.062312885772223034,96,6.443642546574018,1.1684806421571123,96,20.126130235505236,4.266963953133967,96,196.27083333333334,35.32063037127964,96
openai/gpt-5-nano,game_myth,no_noise,7,0.6767084667122235,0.023634319063238998,96,6.644002732060939,0.10642764814621879,96,20.40172290094165,2.5750137213639213,96,202.5,1.465390194130094,96
openai/gpt-5-nano,game_myth,no_noise,8,0.6763856389051558,0.024277460139596956,96,6.645651410752639,0.1069364389035482,96,20.69654356060606,2.2002920113233193,96,202.89583333333334,2.0286327605540126,96
openai/gpt-5-nano,game_myth,no_noise,9,0.6834610131230477,0.042742178243448205,96,6.589736807312697,0.6887909980690324,96,20.36786434052059,3.098924360897141,96,200.46875,20.631071674080637,96
openai/gpt-5-nano,game_myth,no_noise,10,0.6853894999420461,0.041751153616301655,96,6.6031214520493755,0.6887553643527208,96,20.195144236550487,3.0378100805883395,96,200.5625,20.702307270345248,96
openai/gpt-5-nano,game_myth,no_noise,11,0.6783033374396009,0.02432159552619307,96,6.658848838500855,0.10519233056411635,96,20.43156747766123,2.2496811608059515,96,202.6875,1.6242407132986354,96
openai/gpt-5-nano,game_myth,no_noise,12,0.6841843636349441,0.02504847413171108,96,6.685273486071008,0.09520664926048474,96,20.19988446160321,2.142293441742111,96,202.66666666666666,1.6265343633282803,96
openai/gpt-5-nano,game_myth,no_noise,13,0.6902601029784033,0.040279493190151255,96,6.626203973935628,0.690542288224911,96,20.018077206358456,3.0827542940916306,96,200.52083333333334,20.634146031666546,96
openai/gpt-5-nano,game_myth,no_noise,14,0.6897261363501047,0.027468640100347882,96,6.708854234732979,0.10514835804642542,96,20.14263387075887,2.269851849984669,96,202.47916666666666,1.4795388091291475,96
openai/gpt-5-nano,game_myth,no_noise,15,0.6871450045636314,0.0240624988743748,96,6.708764338859901,0.10444056371093648,96,20.092831965488216,2.3724184196916,96,202.65625,1.5274893401299163,96
openai/gpt-5-nano,game_myth,noise,1,0.6353209287508841,0.02657242244650336,60,6.5008311607055695,0.0967485109192774,60,18.039804177304177,2.4819943170778926,60,201.51666666666668,3.6008081327723587,60
openai/gpt-5-nano,game_myth,noise,2,0.6448406962281475,0.026484591552576556,60,6.548520062813883,0.09871793341197915,60,18.88238011988012,2.202007408143812,60,202.86666666666667,1.545542158911155,60
openai/gpt-5-nano,game_myth,noise,3,0.6519389760171006,0.024838039789887266,60,6.577189907402617,0.10144072034503113,60,19.04965270840271,2.329238504739561,60,202.65,1.6552433381453524,60
openai/gpt-5-nano,game_myth,noise,4,0.6711474150448808,0.0942642033477528,60,6.125614116996365,1.6546722203567141,60,18.30942081067081,5.060200403134057,60,189.88333333333333,51.590332712423276,60
openai/gpt-5-nano,game_myth,noise,5,0.6564747219410072,0.028150910307861692,60,6.598818840272725,0.11202560458763149,60,19.682775372775374,2.1971202247172945,60,202.63333333333333,1.615252162364316,60
openai/gpt-5-nano,game_myth,noise,6,0.6779621206878623,0.06583155201608404,60,6.403001999931048,1.2034040844301985,60,19.3554816017316,4.186610308170245,60,196.1,36.576689807692205,60
openai/gpt-5-nano,game_myth,noise,7,0.6685187250156769,0.023336489948907108,60,6.6356387658420495,0.09265388909764827,60,19.698577996077994,2.5683801949104543,60,202.56666666666666,1.629876429408452,60
openai/gpt-5-nano,game_myth,noise,8,0.6710633105650049,0.02755707014378671,60,6.6469822776854155,0.1013862162169082,60,19.848130018130018,2.1965510855591455,60,203.03333333333333,2.0989639628907715,60
openai/gpt-5-nano,game_myth,noise,9,0.6729634177850058,0.025175207868392273,60,6.641294177783989,0.10487440983411624,60,19.91778166278166,2.109877039772548,60,202.61666666666667,1.7182141563279194,60
openai/gpt-5-nano,game_myth,noise,10,0.6690172455599325,0.0266427556471671,60,6.629887836901116,0.10921520836090552,60,20.118938422688423,2.596252646328377,60,202.71666666666667,1.657971669389165,60
openai/gpt-5-nano,game_myth,noise_informed,1,0.6272196282859743,0.029023508736145957,60,6.466733791900433,0.11634569970544414,60,17.71713083213083,2.145901996840106,60,201.45,1.489226849801431,60
openai/gpt-5-nano,game_myth,noise_informed,2,0.6480919007170008,0.053985741942172705,60,6.492884607031102,0.3990148654299928,60,18.73459734709735,1.9874109757790381,60,199.5,24.654562612772484,60
openai/gpt-5-nano,game_myth,noise_informed,3,0.6502917824506159,0.053711093355992015,60,6.449427180977911,0.8541435379411989,60,18.64602046102046,2.9804874000510515,60,199.9,26.433607268406234,60
openai/gpt-5-nano,game_myth,noise_informed,4,0.6536820456620861,0.054325523239262395,60,6.446466939665462,0.8544258435428527,60,19.133658563658564,3.102171846215409,60,199.03333333333333,26.049474874610006,60
openai/gpt-5-nano,game_myth,noise_informed,5,0.6645926723979564,0.051259973530599356,60,6.484560844052022,0.8575189326694183,60,19.435227642727643,3.5392833953800036,60,198.93333333333334,26.018811100306763,60
openai/gpt-5-nano,game_myth,noise_informed,6,0.663859140809128,0.026949137873396336,60,6.614538637198618,0.09954120020036794,60,20.156638546638547,2.447101282241271,60,202.45,2.6960422971082316,60
openai/gpt-5-nano,game_myth,noise_informed,7,0.6671266677408428,0.05226501441154644,60,6.495506713463161,0.8594606175482599,60,19.822049663299662,3.316704312756412,60,199.21666666666667,26.12102969046962,60
openai/gpt-5-nano,game_myth,noise_informed,8,0.6631062346411567,0.031392178208282474,60,6.619495212842905,0.1214453660830188,60,20.638246151996153,2.5432041050527396,60,202.75,1.9883133129636457,60
openai/gpt-5-nano,game_myth,noise_informed,9,0.6745694338172182,0.05264233175864308,60,6.529646727331954,0.8652480186068672,60,19.98993265993266,3.4076957007570097,60,199.43333333333334,26.086795586173515,60
openai/gpt-5-nano,game_myth,noise_informed,10,0.6765062156734809,0.02836252730204323,60,6.65677029430438,0.10321851406854948,60,20.34522486772487,2.971357705756922,60,202.65,1.7155816328531357,60
openai/gpt-5-nano,myth_game,no_noise,1,0.6686257431168641,0.04412693750869981,96,6.628857218912891,0.17483477508631173,96,19.352791103572354,3.8302497722965723,96,203.48958333333334,3.436628677449263,96
openai/gpt-5-nano,myth_game,no_noise,2,0.6773079629014095,0.036031653756663236,96,6.660648944462708,0.14874000730981915,96,20.1040093008843,2.939036918533364,96,203.97916666666666,2.228897138977109,96
openai/gpt-5-nano,myth_game,no_noise,3,0.6768916131539594,0.04539999473572191,96,6.573344226168629,0.6900029218287811,96,20.314999554843304,3.097467348790759,96,201.35416666666666,20.822548085475272,96
openai/gpt-5-nano,myth_game,no_noise,4,0.6763734285756557,0.04303544649993785,96,6.565124108555466,0.6862738414398953,96,20.61087803978429,3.197952155034363,96,201.17708333333334,20.730854092475514,96
openai/gpt-5-nano,myth_game,no_noise,5,0.6763514850911273,0.044053970072267155,96,6.566941777500297,0.6879858217912219,96,20.501320496632996,2.923277950991845,96,201.1875,20.74573513558364,96
openai/gpt-5-nano,myth_game,no_noise,6,0.6767906097438803,0.0289037778767064,96,6.648494607703493,0.12461817417815282,96,20.839048133579386,2.4216531639928616,96,203.07291666666666,1.6873822246100076,96
openai/gpt-5-nano,myth_game,no_noise,7,0.6796762524877328,0.055746750546816534,96,6.497110161108398,0.9612602039368598,96,20.042497086247085,3.499616489194166,96,198.69791666666666,29.041936933978644,96
openai/gpt-5-nano,myth_game,no_noise,8,0.678653966947811,0.04471518948168765,96,6.577821524867208,0.6879382266939845,96,20.374600746475746,3.003808747873262,96,201.09375,20.793257067465035,96
openai/gpt-5-nano,myth_game,no_noise,9,0.6759464447366429,0.028974942453959204,96,6.6553758902174565,0.10920272044597944,96,20.473148755180006,2.2688091995664026,96,203.27083333333334,1.7379913794630084,96
openai/gpt-5-nano,myth_game,no_noise,10,0.6778112573109417,0.028498836948249687,96,6.666673962314223,0.11579870273678361,96,20.19087044321419,2.4096366132489995,96,203.02083333333334,1.794606930524825,96
openai/gpt-5-nano,myth_game,no_noise,11,0.676231078343802,0.02896179419344445,96,6.662526760431021,0.11797804122335946,96,20.28957177082177,2.4157391924065763,96,203.11458333333334,2.3435007177372786,96
openai/gpt-5-nano,myth_game,no_noise,12,0.6781303412506237,0.027238243975362245,96,6.660814809374703,0.11444784363819166,96,20.25145022801273,2.3133905362353437,96,203.07291666666666,1.7666190824442412,96
openai/gpt-5-nano,myth_game,no_noise,13,0.6762510311174728,0.02857730826009547,96,6.663294977896378,0.10949420761269935,96,19.782098225848227,1.9664855968737378,96,202.83333333333334,1.683771872700769,96
openai/gpt-5-nano,myth_game,no_noise,14,0.6767256201065287,0.03138267811235394,96,6.664845676724384,0.12438928516015715,96,19.837672946266697,2.381799703220959,96,203.01041666666666,1.592712295469704,96
openai/gpt-5-nano,myth_game,no_noise,15,0.6791131512293201,0.03172000258056083,96,6.680351810877009,0.12356101512760846,96,19.539722892847895,2.043827550230717,96,202.76041666666666,1.5943637019309884,96
openai/gpt-5-nano,myth_game,noise,1,0.6298719219606502,0.026635407129640826,60,6.47179442982814,0.11189259941825298,60,18.24131128131128,2.553879421812863,60,202.81666666666666,5.649333744027915,60
openai/gpt-5-nano,myth_game,noise,2,0.6379450684958372,0.02304793625568384,60,6.5183416330138195,0.09848640241248854,60,18.99863627113627,1.8841438171043614,60,203.05,3.743582078659561,60
openai/gpt-5-nano,myth_game,noise,3,0.6531923148414077,0.0709881425464203,60,6.317599099910912,1.187669031677111,60,18.68693537943538,3.8643365392513456,60,195.75,36.508009337167536,60
openai/gpt-5-nano,myth_game,noise,4,0.6461797441724423,0.02883506548939855,60,6.566571523346503,0.11540368800236145,60,19.374208152958154,2.4095964051956353,60,202.93333333333334,1.802697288544109,60
openai/gpt-5-nano,myth_game,noise,5,0.6684592473493619,0.06668594191596881,60,6.368735211305923,1.1967811879240375,60,19.007180134680134,3.8481045575652004,60,195.8,36.51366124654056,60
openai/gpt-5-nano,myth_game,noise,6,0.6513867030199522,0.03141219413595494,60,6.57470261262535,0.1099434121146658,60,19.045260295260295,1.7979669959975735,60,202.36666666666667,2.0165977949672214,60
openai/gpt-5-nano,myth_game,noise,7,0.6610452055835673,0.027034149457189762,60,6.62081035624992,0.0997870774359445,60,19.823417508417506,2.4834696237054206,60,202.36666666666667,1.5510157051152365,60
openai/gpt-5-nano,myth_game,noise,8,0.6712494719836587,0.049406284314123534,60,6.528720856481917,0.8622555392839119,60,19.40481287231287,3.1198873460321868,60,199.01666666666668,26.03159206254459,60
openai/gpt-5-nano,myth_game,noise,9,0.6730145047760184,0.04863286075351293,60,6.525357173007441,0.8616421738318285,60,19.215395114145114,3.27040281996945,60,198.98333333333332,26.0361493590417,60
openai/gpt-5-nano,myth_game,noise,10,0.6677691835749514,0.02621034729090988,60,6.638555687189827,0.10195163306786234,60,19.533935231435233,2.2884352120493214,60,202.31666666666666,1.5458162965239,60
openai/gpt-5-nano,myth_game,noise_informed,1,0.6284346453788323,0.02640157472482351,60,6.470244615064904,0.11046733174449617,60,17.791339586339586,1.8583688242766785,60,201.43333333333334,1.4771326629503487,60
openai/gpt-5-nano,myth_game,noise_informed,2,0.6409857638067362,0.025329164171276296,60,6.532702801346347,0.10349723794920566,60,18.83695075757576,2.2469199897386027,60,202.88333333333333,2.604374850435692,60
openai/gpt-5-nano,myth_game,noise_informed,3,0.6534397776952261,0.07035625193347848,60,6.321789130285222,1.189747466533069,60,18.80241452991453,3.866066267979148,60,196.06666666666666,36.572132887689264,60
openai/gpt-5-nano,myth_game,noise_informed,4,0.6415484720430353,0.02099033379998472,60,6.540926954868002,0.08841778445503974,60,20.162226107226108,2.4083068066103217,60,202.85,1.7546548262612947,60
openai/gpt-5-nano,myth_game,noise_informed,5,0.6538789333521898,0.023507919240451633,60,6.581684577786362,0.10390725079921227,60,20.315942760942765,2.0286834062672083,60,202.88333333333333,1.8693936900400634,60
openai/gpt-5-nano,myth_game,noise_informed,6,0.663300428701563,0.06887995506383499,60,6.417347603696189,0.9333544606599065,60,19.821626105376104,3.909140773575165,60,196.66666666666666,35.77266576338989,60
openai/gpt-5-nano,myth_game,noise_informed,7,0.6581719651440227,0.026248648731392613,60,6.596225433486766,0.1044508126049973,60,20.04002946127946,2.5069809195123804,60,203.1,3.0515347625055314,60
openai/gpt-5-nano,myth_game,noise_informed,8,0.6639394837291105,0.061401585644520494,60,6.418972165294362,0.9410278086430075,60,19.108317053317055,3.484510912470247,60,196.25,35.60690515778161,60
openai/gpt-5-nano,myth_game,noise_informed,9,0.6680238611232779,0.050361143029926565,60,6.512878234369262,0.8598362287103805,60,19.823777195027198,3.291527734951204,60,200.36666666666667,26.53553208957446,60
openai/gpt-5-nano,myth_game,noise_informed,10,0.6631995555566582,0.026923060406729815,60,6.622888388235639,0.10514600980688181,60,20.042389046139046,2.462670137169398,60,203.1,2.072417731596921,60
